,Cv,OP,dP,F
0,0.0,0.0,1.0,0.0
1,0.0,0.0,2.0,0.0
2,0.0,0.0,3.0,0.0
3,0.0,0.0,4.0,0.0
4,0.0,0.0,5.0,0.0
5,0.0,0.0,6.0,0.0
6,0.0,0.0,7.0,0.0
7,0.0,0.0,8.0,0.0
8,0.0,0.0,9.0,0.0
9,0.0,0.0,10.0,0.0
10,0.0,0.1111111111111111,1.0,0.0
11,0.0,0.1111111111111111,2.0,0.0
12,0.0,0.1111111111111111,3.0,0.0
13,0.0,0.1111111111111111,4.0,0.0
14,0.0,0.1111111111111111,5.0,0.0
15,0.0,0.1111111111111111,6.0,0.0
16,0.0,0.1111111111111111,7.0,0.0
17,0.0,0.1111111111111111,8.0,0.0
18,0.0,0.1111111111111111,9.0,0.0
19,0.0,0.1111111111111111,10.0,0.0
20,0.0,0.2222222222222222,1.0,0.0
21,0.0,0.2222222222222222,2.0,0.0
22,0.0,0.2222222222222222,3.0,0.0
23,0.0,0.2222222222222222,4.0,0.0
24,0.0,0.2222222222222222,5.0,0.0
25,0.0,0.2222222222222222,6.0,0.0
26,0.0,0.2222222222222222,7.0,0.0
27,0.0,0.2222222222222222,8.0,0.0
28,0.0,0.2222222222222222,9.0,0.0
29,0.0,0.2222222222222222,10.0,0.0
30,0.0,0.3333333333333333,1.0,0.0
31,0.0,0.3333333333333333,2.0,0.0
32,0.0,0.3333333333333333,3.0,0.0
33,0.0,0.3333333333333333,4.0,0.0
34,0.0,0.3333333333333333,5.0,0.0
35,0.0,0.3333333333333333,6.0,0.0
36,0.0,0.3333333333333333,7.0,0.0
37,0.0,0.3333333333333333,8.0,0.0
38,0.0,0.3333333333333333,9.0,0.0
39,0.0,0.3333333333333333,10.0,0.0
40,0.0,0.4444444444444444,1.0,0.0
41,0.0,0.4444444444444444,2.0,0.0
42,0.0,0.4444444444444444,3.0,0.0
43,0.0,0.4444444444444444,4.0,0.0
44,0.0,0.4444444444444444,5.0,0.0
45,0.0,0.4444444444444444,6.0,0.0
46,0.0,0.4444444444444444,7.0,0.0
47,0.0,0.4444444444444444,8.0,0.0
48,0.0,0.4444444444444444,9.0,0.0
49,0.0,0.4444444444444444,10.0,0.0
50,0.0,0.5555555555555556,1.0,0.0
51,0.0,0.5555555555555556,2.0,0.0
52,0.0,0.5555555555555556,3.0,0.0
53,0.0,0.5555555555555556,4.0,0.0
54,0.0,0.5555555555555556,5.0,0.0
55,0.0,0.5555555555555556,6.0,0.0
56,0.0,0.5555555555555556,7.0,0.0
57,0.0,0.5555555555555556,8.0,0.0
58,0.0,0.5555555555555556,9.0,0.0
59,0.0,0.5555555555555556,10.0,0.0
60,0.0,0.6666666666666666,1.0,0.0
61,0.0,0.6666666666666666,2.0,0.0
62,0.0,0.6666666666666666,3.0,0.0
63,0.0,0.6666666666666666,4.0,0.0
64,0.0,0.6666666666666666,5.0,0.0
65,0.0,0.6666666666666666,6.0,0.0
66,0.0,0.6666666666666666,7.0,0.0
67,0.0,0.6666666666666666,8.0,0.0
68,0.0,0.6666666666666666,9.0,0.0
69,0.0,0.6666666666666666,10.0,0.0
70,0.0,0.7777777777777777,1.0,0.0
71,0.0,0.7777777777777777,2.0,0.0
72,0.0,0.7777777777777777,3.0,0.0
73,0.0,0.7777777777777777,4.0,0.0
74,0.0,0.7777777777777777,5.0,0.0
75,0.0,0.7777777777777777,6.0,0.0
76,0.0,0.7777777777777777,7.0,0.0
77,0.0,0.7777777777777777,8.0,0.0
78,0.0,0.7777777777777777,9.0,0.0
79,0.0,0.7777777777777777,10.0,0.0
80,0.0,0.8888888888888888,1.0,0.0
81,0.0,0.8888888888888888,2.0,0.0
82,0.0,0.8888888888888888,3.0,0.0
83,0.0,0.8888888888888888,4.0,0.0
84,0.0,0.8888888888888888,5.0,0.0
85,0.0,0.8888888888888888,6.0,0.0
86,0.0,0.8888888888888888,7.0,0.0
87,0.0,0.8888888888888888,8.0,0.0
88,0.0,0.8888888888888888,9.0,0.0
89,0.0,0.8888888888888888,10.0,0.0
90,0.0,1.0,1.0,0.0
91,0.0,1.0,2.0,0.0
92,0.0,1.0,3.0,0.0
93,0.0,1.0,4.0,0.0
94,0.0,1.0,5.0,0.0
95,0.0,1.0,6.0,0.0
96,0.0,1.0,7.0,0.0
97,0.0,1.0,8.0,0.0
98,0.0,1.0,9.0,0.0
99,0.0,1.0,10.0,0.0
100,111.11111111111111,0.0,1.0,0.0
101,111.11111111111111,0.0,2.0,0.0
102,111.11111111111111,0.0,3.0,0.0
103,111.11111111111111,0.0,4.0,0.0
104,111.11111111111111,0.0,5.0,0.0
105,111.11111111111111,0.0,6.0,0.0
106,111.11111111111111,0.0,7.0,0.0
107,111.11111111111111,0.0,8.0,0.0
108,111.11111111111111,0.0,9.0,0.0
109,111.11111111111111,0.0,10.0,0.0
110,111.11111111111111,0.1111111111111111,1.0,12.345679012345679
111,111.11111111111111,0.1111111111111111,2.0,17.459426695964137
112,111.11111111111111,0.1111111111111111,3.0,21.38334330331947
113,111.11111111111111,0.1111111111111111,4.0,24.691358024691358
114,111.11111111111111,0.1111111111111111,5.0,27.605777499997405
115,111.11111111111111,0.1111111111111111,6.0,30.240614108434293
116,111.11111111111111,0.1111111111111111,7.0,32.66359643289618
117,111.11111111111111,0.1111111111111111,8.0,34.91885339192827
118,111.11111111111111,0.1111111111111111,9.0,37.03703703703704
119,111.11111111111111,0.1111111111111111,10.0,39.04046494035036
120,111.11111111111111,0.2222222222222222,1.0,24.691358024691358
121,111.11111111111111,0.2222222222222222,2.0,34.91885339192827
122,111.11111111111111,0.2222222222222222,3.0,42.76668660663894
123,111.11111111111111,0.2222222222222222,4.0,49.382716049382715
124,111.11111111111111,0.2222222222222222,5.0,55.21155499999481
125,111.11111111111111,0.2222222222222222,6.0,60.48122821686859
126,111.11111111111111,0.2222222222222222,7.0,65.32719286579236
127,111.11111111111111,0.2222222222222222,8.0,69.83770678385655
128,111.11111111111111,0.2222222222222222,9.0,74.07407407407408
129,111.11111111111111,0.2222222222222222,10.0,78.08092988070072
130,111.11111111111111,0.3333333333333333,1.0,37.03703703703704
131,111.11111111111111,0.3333333333333333,2.0,52.37828008789241
132,111.11111111111111,0.3333333333333333,3.0,64.15002990995842
133,111.11111111111111,0.3333333333333333,4.0,74.07407407407408
134,111.11111111111111,0.3333333333333333,5.0,82.81733249999222
135,111.11111111111111,0.3333333333333333,6.0,90.72184232530289
136,111.11111111111111,0.3333333333333333,7.0,97.99078929868855
137,111.11111111111111,0.3333333333333333,8.0,104.75656017578483
138,111.11111111111111,0.3333333333333333,9.0,111.11111111111111
139,111.11111111111111,0.3333333333333333,10.0,117.1213948210511
140,111.11111111111111,0.4444444444444444,1.0,49.382716049382715
141,111.11111111111111,0.4444444444444444,2.0,69.83770678385655
142,111.11111111111111,0.4444444444444444,3.0,85.53337321327788
143,111.11111111111111,0.4444444444444444,4.0,98.76543209876543
144,111.11111111111111,0.4444444444444444,5.0,110.42310999998962
145,111.11111111111111,0.4444444444444444,6.0,120.96245643373717
146,111.11111111111111,0.4444444444444444,7.0,130.6543857315847
147,111.11111111111111,0.4444444444444444,8.0,139.6754135677131
148,111.11111111111111,0.4444444444444444,9.0,148.14814814814815
149,111.11111111111111,0.4444444444444444,10.0,156.16185976140144
150,111.11111111111111,0.5555555555555556,1.0,61.7283950617284
151,111.11111111111111,0.5555555555555556,2.0,87.29713347982069
152,111.11111111111111,0.5555555555555556,3.0,106.91671651659736
153,111.11111111111111,0.5555555555555556,4.0,123.4567901234568
154,111.11111111111111,0.5555555555555556,5.0,138.02888749998704
155,111.11111111111111,0.5555555555555556,6.0,151.20307054217147
156,111.11111111111111,0.5555555555555556,7.0,163.31798216448092
157,111.11111111111111,0.5555555555555556,8.0,174.59426695964137
158,111.11111111111111,0.5555555555555556,9.0,185.1851851851852
159,111.11111111111111,0.5555555555555556,10.0,195.20232470175185
160,111.11111111111111,0.6666666666666666,1.0,74.07407407407408
161,111.11111111111111,0.6666666666666666,2.0,104.75656017578483
162,111.11111111111111,0.6666666666666666,3.0,128.30005981991684
163,111.11111111111111,0.6666666666666666,4.0,148.14814814814815
164,111.11111111111111,0.6666666666666666,5.0,165.63466499998444
165,111.11111111111111,0.6666666666666666,6.0,181.44368465060577
166,111.11111111111111,0.6666666666666666,7.0,195.9815785973771
167,111.11111111111111,0.6666666666666666,8.0,209.51312035156965
168,111.11111111111111,0.6666666666666666,9.0,222.22222222222223
169,111.11111111111111,0.6666666666666666,10.0,234.2427896421022
170,111.11111111111111,0.7777777777777777,1.0,86.41975308641975
171,111.11111111111111,0.7777777777777777,2.0,122.21598687174895
172,111.11111111111111,0.7777777777777777,3.0,149.68340312323627
173,111.11111111111111,0.7777777777777777,4.0,172.8395061728395
174,111.11111111111111,0.7777777777777777,5.0,193.2404424999818
175,111.11111111111111,0.7777777777777777,6.0,211.68429875904005
176,111.11111111111111,0.7777777777777777,7.0,228.64517503027326
177,111.11111111111111,0.7777777777777777,8.0,244.4319737434979
178,111.11111111111111,0.7777777777777777,9.0,259.25925925925924
179,111.11111111111111,0.7777777777777777,10.0,273.2832545824525
180,111.11111111111111,0.8888888888888888,1.0,98.76543209876543
181,111.11111111111111,0.8888888888888888,2.0,139.6754135677131
182,111.11111111111111,0.8888888888888888,3.0,171.06674642655577
183,111.11111111111111,0.8888888888888888,4.0,197.53086419753086
184,111.11111111111111,0.8888888888888888,5.0,220.84621999997924
185,111.11111111111111,0.8888888888888888,6.0,241.92491286747435
186,111.11111111111111,0.8888888888888888,7.0,261.3087714631694
187,111.11111111111111,0.8888888888888888,8.0,279.3508271354262
188,111.11111111111111,0.8888888888888888,9.0,296.2962962962963
189,111.11111111111111,0.8888888888888888,10.0,312.3237195228029
190,111.11111111111111,1.0,1.0,111.11111111111111
191,111.11111111111111,1.0,2.0,157.13484026367723
192,111.11111111111111,1.0,3.0,192.45008972987526
193,111.11111111111111,1.0,4.0,222.22222222222223
194,111.11111111111111,1.0,5.0,248.45199749997664
195,111.11111111111111,1.0,6.0,272.1655269759087
196,111.11111111111111,1.0,7.0,293.97236789606563
197,111.11111111111111,1.0,8.0,314.26968052735447
198,111.11111111111111,1.0,9.0,333.33333333333337
199,111.11111111111111,1.0,10.0,351.36418446315326
200,222.22222222222223,0.0,1.0,0.0
201,222.22222222222223,0.0,2.0,0.0
202,222.22222222222223,0.0,3.0,0.0
203,222.22222222222223,0.0,4.0,0.0
204,222.22222222222223,0.0,5.0,0.0
205,222.22222222222223,0.0,6.0,0.0
206,222.22222222222223,0.0,7.0,0.0
207,222.22222222222223,0.0,8.0,0.0
208,222.22222222222223,0.0,9.0,0.0
209,222.22222222222223,0.0,10.0,0.0
210,222.22222222222223,0.1111111111111111,1.0,24.691358024691358
211,222.22222222222223,0.1111111111111111,2.0,34.91885339192827
212,222.22222222222223,0.1111111111111111,3.0,42.76668660663894
213,222.22222222222223,0.1111111111111111,4.0,49.382716049382715
214,222.22222222222223,0.1111111111111111,5.0,55.21155499999481
215,222.22222222222223,0.1111111111111111,6.0,60.48122821686859
216,222.22222222222223,0.1111111111111111,7.0,65.32719286579236
217,222.22222222222223,0.1111111111111111,8.0,69.83770678385655
218,222.22222222222223,0.1111111111111111,9.0,74.07407407407408
219,222.22222222222223,0.1111111111111111,10.0,78.08092988070072
220,222.22222222222223,0.2222222222222222,1.0,49.382716049382715
221,222.22222222222223,0.2222222222222222,2.0,69.83770678385655
222,222.22222222222223,0.2222222222222222,3.0,85.53337321327788
223,222.22222222222223,0.2222222222222222,4.0,98.76543209876543
224,222.22222222222223,0.2222222222222222,5.0,110.42310999998962
225,222.22222222222223,0.2222222222222222,6.0,120.96245643373717
226,222.22222222222223,0.2222222222222222,7.0,130.6543857315847
227,222.22222222222223,0.2222222222222222,8.0,139.6754135677131
228,222.22222222222223,0.2222222222222222,9.0,148.14814814814815
229,222.22222222222223,0.2222222222222222,10.0,156.16185976140144
230,222.22222222222223,0.3333333333333333,1.0,74.07407407407408
231,222.22222222222223,0.3333333333333333,2.0,104.75656017578483
232,222.22222222222223,0.3333333333333333,3.0,128.30005981991684
233,222.22222222222223,0.3333333333333333,4.0,148.14814814814815
234,222.22222222222223,0.3333333333333333,5.0,165.63466499998444
235,222.22222222222223,0.3333333333333333,6.0,181.44368465060577
236,222.22222222222223,0.3333333333333333,7.0,195.9815785973771
237,222.22222222222223,0.3333333333333333,8.0,209.51312035156965
238,222.22222222222223,0.3333333333333333,9.0,222.22222222222223
239,222.22222222222223,0.3333333333333333,10.0,234.2427896421022
240,222.22222222222223,0.4444444444444444,1.0,98.76543209876543
241,222.22222222222223,0.4444444444444444,2.0,139.6754135677131
242,222.22222222222223,0.4444444444444444,3.0,171.06674642655577
243,222.22222222222223,0.4444444444444444,4.0,197.53086419753086
244,222.22222222222223,0.4444444444444444,5.0,220.84621999997924
245,222.22222222222223,0.4444444444444444,6.0,241.92491286747435
246,222.22222222222223,0.4444444444444444,7.0,261.3087714631694
247,222.22222222222223,0.4444444444444444,8.0,279.3508271354262
248,222.22222222222223,0.4444444444444444,9.0,296.2962962962963
249,222.22222222222223,0.4444444444444444,10.0,312.3237195228029
250,222.22222222222223,0.5555555555555556,1.0,123.4567901234568
251,222.22222222222223,0.5555555555555556,2.0,174.59426695964137
252,222.22222222222223,0.5555555555555556,3.0,213.83343303319472
253,222.22222222222223,0.5555555555555556,4.0,246.9135802469136
254,222.22222222222223,0.5555555555555556,5.0,276.0577749999741
255,222.22222222222223,0.5555555555555556,6.0,302.40614108434295
256,222.22222222222223,0.5555555555555556,7.0,326.63596432896185
257,222.22222222222223,0.5555555555555556,8.0,349.18853391928275
258,222.22222222222223,0.5555555555555556,9.0,370.3703703703704
259,222.22222222222223,0.5555555555555556,10.0,390.4046494035037
260,222.22222222222223,0.6666666666666666,1.0,148.14814814814815
261,222.22222222222223,0.6666666666666666,2.0,209.51312035156965
262,222.22222222222223,0.6666666666666666,3.0,256.6001196398337
263,222.22222222222223,0.6666666666666666,4.0,296.2962962962963
264,222.22222222222223,0.6666666666666666,5.0,331.2693299999689
265,222.22222222222223,0.6666666666666666,6.0,362.88736930121155
266,222.22222222222223,0.6666666666666666,7.0,391.9631571947542
267,222.22222222222223,0.6666666666666666,8.0,419.0262407031393
268,222.22222222222223,0.6666666666666666,9.0,444.44444444444446
269,222.22222222222223,0.6666666666666666,10.0,468.4855792842044
270,222.22222222222223,0.7777777777777777,1.0,172.8395061728395
271,222.22222222222223,0.7777777777777777,2.0,244.4319737434979
272,222.22222222222223,0.7777777777777777,3.0,299.36680624647255
273,222.22222222222223,0.7777777777777777,4.0,345.679012345679
274,222.22222222222223,0.7777777777777777,5.0,386.4808849999636
275,222.22222222222223,0.7777777777777777,6.0,423.3685975180801
276,222.22222222222223,0.7777777777777777,7.0,457.29035006054653
277,222.22222222222223,0.7777777777777777,8.0,488.8639474869958
278,222.22222222222223,0.7777777777777777,9.0,518.5185185185185
279,222.22222222222223,0.7777777777777777,10.0,546.566509164905
280,222.22222222222223,0.8888888888888888,1.0,197.53086419753086
281,222.22222222222223,0.8888888888888888,2.0,279.3508271354262
282,222.22222222222223,0.8888888888888888,3.0,342.13349285311153
283,222.22222222222223,0.8888888888888888,4.0,395.0617283950617
284,222.22222222222223,0.8888888888888888,5.0,441.6924399999585
285,222.22222222222223,0.8888888888888888,6.0,483.8498257349487
286,222.22222222222223,0.8888888888888888,7.0,522.6175429263388
287,222.22222222222223,0.8888888888888888,8.0,558.7016542708524
288,222.22222222222223,0.8888888888888888,9.0,592.5925925925926
289,222.22222222222223,0.8888888888888888,10.0,624.6474390456058
290,222.22222222222223,1.0,1.0,222.22222222222223
291,222.22222222222223,1.0,2.0,314.26968052735447
292,222.22222222222223,1.0,3.0,384.9001794597505
293,222.22222222222223,1.0,4.0,444.44444444444446
294,222.22222222222223,1.0,5.0,496.9039949999533
295,222.22222222222223,1.0,6.0,544.3310539518174
296,222.22222222222223,1.0,7.0,587.9447357921313
297,222.22222222222223,1.0,8.0,628.5393610547089
298,222.22222222222223,1.0,9.0,666.6666666666667
299,222.22222222222223,1.0,10.0,702.7283689263065
300,333.33333333333337,0.0,1.0,0.0
301,333.33333333333337,0.0,2.0,0.0
302,333.33333333333337,0.0,3.0,0.0
303,333.33333333333337,0.0,4.0,0.0
304,333.33333333333337,0.0,5.0,0.0
305,333.33333333333337,0.0,6.0,0.0
306,333.33333333333337,0.0,7.0,0.0
307,333.33333333333337,0.0,8.0,0.0
308,333.33333333333337,0.0,9.0,0.0
309,333.33333333333337,0.0,10.0,0.0
310,333.33333333333337,0.1111111111111111,1.0,37.03703703703704
311,333.33333333333337,0.1111111111111111,2.0,52.37828008789241
312,333.33333333333337,0.1111111111111111,3.0,64.15002990995842
313,333.33333333333337,0.1111111111111111,4.0,74.07407407407408
314,333.33333333333337,0.1111111111111111,5.0,82.81733249999222
315,333.33333333333337,0.1111111111111111,6.0,90.72184232530289
316,333.33333333333337,0.1111111111111111,7.0,97.99078929868855
317,333.33333333333337,0.1111111111111111,8.0,104.75656017578483
318,333.33333333333337,0.1111111111111111,9.0,111.11111111111111
319,333.33333333333337,0.1111111111111111,10.0,117.1213948210511
320,333.33333333333337,0.2222222222222222,1.0,74.07407407407408
321,333.33333333333337,0.2222222222222222,2.0,104.75656017578483
322,333.33333333333337,0.2222222222222222,3.0,128.30005981991684
323,333.33333333333337,0.2222222222222222,4.0,148.14814814814815
324,333.33333333333337,0.2222222222222222,5.0,165.63466499998444
325,333.33333333333337,0.2222222222222222,6.0,181.44368465060577
326,333.33333333333337,0.2222222222222222,7.0,195.9815785973771
327,333.33333333333337,0.2222222222222222,8.0,209.51312035156965
328,333.33333333333337,0.2222222222222222,9.0,222.22222222222223
329,333.33333333333337,0.2222222222222222,10.0,234.2427896421022
330,333.33333333333337,0.3333333333333333,1.0,111.11111111111111
331,333.33333333333337,0.3333333333333333,2.0,157.13484026367723
332,333.33333333333337,0.3333333333333333,3.0,192.45008972987526
333,333.33333333333337,0.3333333333333333,4.0,222.22222222222223
334,333.33333333333337,0.3333333333333333,5.0,248.45199749997664
335,333.33333333333337,0.3333333333333333,6.0,272.1655269759087
336,333.33333333333337,0.3333333333333333,7.0,293.97236789606563
337,333.33333333333337,0.3333333333333333,8.0,314.26968052735447
338,333.33333333333337,0.3333333333333333,9.0,333.33333333333337
339,333.33333333333337,0.3333333333333333,10.0,351.36418446315326
340,333.33333333333337,0.4444444444444444,1.0,148.14814814814815
341,333.33333333333337,0.4444444444444444,2.0,209.51312035156965
342,333.33333333333337,0.4444444444444444,3.0,256.6001196398337
343,333.33333333333337,0.4444444444444444,4.0,296.2962962962963
344,333.33333333333337,0.4444444444444444,5.0,331.2693299999689
345,333.33333333333337,0.4444444444444444,6.0,362.88736930121155
346,333.33333333333337,0.4444444444444444,7.0,391.9631571947542
347,333.33333333333337,0.4444444444444444,8.0,419.0262407031393
348,333.33333333333337,0.4444444444444444,9.0,444.44444444444446
349,333.33333333333337,0.4444444444444444,10.0,468.4855792842044
350,333.33333333333337,0.5555555555555556,1.0,185.18518518518522
351,333.33333333333337,0.5555555555555556,2.0,261.89140043946213
352,333.33333333333337,0.5555555555555556,3.0,320.7501495497921
353,333.33333333333337,0.5555555555555556,4.0,370.37037037037044
354,333.33333333333337,0.5555555555555556,5.0,414.08666249996116
355,333.33333333333337,0.5555555555555556,6.0,453.6092116265145
356,333.33333333333337,0.5555555555555556,7.0,489.9539464934428
357,333.33333333333337,0.5555555555555556,8.0,523.7828008789243
358,333.33333333333337,0.5555555555555556,9.0,555.5555555555557
359,333.33333333333337,0.5555555555555556,10.0,585.6069741052555
360,333.33333333333337,0.6666666666666666,1.0,222.22222222222223
361,333.33333333333337,0.6666666666666666,2.0,314.26968052735447
362,333.33333333333337,0.6666666666666666,3.0,384.9001794597505
363,333.33333333333337,0.6666666666666666,4.0,444.44444444444446
364,333.33333333333337,0.6666666666666666,5.0,496.9039949999533
365,333.33333333333337,0.6666666666666666,6.0,544.3310539518174
366,333.33333333333337,0.6666666666666666,7.0,587.9447357921313
367,333.33333333333337,0.6666666666666666,8.0,628.5393610547089
368,333.33333333333337,0.6666666666666666,9.0,666.6666666666667
369,333.33333333333337,0.6666666666666666,10.0,702.7283689263065
370,333.33333333333337,0.7777777777777777,1.0,259.25925925925924
371,333.33333333333337,0.7777777777777777,2.0,366.64796061524686
372,333.33333333333337,0.7777777777777777,3.0,449.05020936970885
373,333.33333333333337,0.7777777777777777,4.0,518.5185185185185
374,333.33333333333337,0.7777777777777777,5.0,579.7213274999455
375,333.33333333333337,0.7777777777777777,6.0,635.0528962771201
376,333.33333333333337,0.7777777777777777,7.0,685.9355250908197
377,333.33333333333337,0.7777777777777777,8.0,733.2959212304937
378,333.33333333333337,0.7777777777777777,9.0,777.7777777777777
379,333.33333333333337,0.7777777777777777,10.0,819.8497637473575
380,333.33333333333337,0.8888888888888888,1.0,296.2962962962963
381,333.33333333333337,0.8888888888888888,2.0,419.0262407031393
382,333.33333333333337,0.8888888888888888,3.0,513.2002392796674
383,333.33333333333337,0.8888888888888888,4.0,592.5925925925926
384,333.33333333333337,0.8888888888888888,5.0,662.5386599999377
385,333.33333333333337,0.8888888888888888,6.0,725.7747386024231
386,333.33333333333337,0.8888888888888888,7.0,783.9263143895084
387,333.33333333333337,0.8888888888888888,8.0,838.0524814062786
388,333.33333333333337,0.8888888888888888,9.0,888.8888888888889
389,333.33333333333337,0.8888888888888888,10.0,936.9711585684088
390,333.33333333333337,1.0,1.0,333.33333333333337
391,333.33333333333337,1.0,2.0,471.40452079103176
392,333.33333333333337,1.0,3.0,577.3502691896258
393,333.33333333333337,1.0,4.0,666.6666666666667
394,333.33333333333337,1.0,5.0,745.35599249993
395,333.33333333333337,1.0,6.0,816.4965809277261
396,333.33333333333337,1.0,7.0,881.917103688197
397,333.33333333333337,1.0,8.0,942.8090415820635
398,333.33333333333337,1.0,9.0,1000.0000000000001
399,333.33333333333337,1.0,10.0,1054.09255338946
400,444.44444444444446,0.0,1.0,0.0
401,444.44444444444446,0.0,2.0,0.0
402,444.44444444444446,0.0,3.0,0.0
403,444.44444444444446,0.0,4.0,0.0
404,444.44444444444446,0.0,5.0,0.0
405,444.44444444444446,0.0,6.0,0.0
406,444.44444444444446,0.0,7.0,0.0
407,444.44444444444446,0.0,8.0,0.0
408,444.44444444444446,0.0,9.0,0.0
409,444.44444444444446,0.0,10.0,0.0
410,444.44444444444446,0.1111111111111111,1.0,49.382716049382715
411,444.44444444444446,0.1111111111111111,2.0,69.83770678385655
412,444.44444444444446,0.1111111111111111,3.0,85.53337321327788
413,444.44444444444446,0.1111111111111111,4.0,98.76543209876543
414,444.44444444444446,0.1111111111111111,5.0,110.42310999998962
415,444.44444444444446,0.1111111111111111,6.0,120.96245643373717
416,444.44444444444446,0.1111111111111111,7.0,130.6543857315847
417,444.44444444444446,0.1111111111111111,8.0,139.6754135677131
418,444.44444444444446,0.1111111111111111,9.0,148.14814814814815
419,444.44444444444446,0.1111111111111111,10.0,156.16185976140144
420,444.44444444444446,0.2222222222222222,1.0,98.76543209876543
421,444.44444444444446,0.2222222222222222,2.0,139.6754135677131
422,444.44444444444446,0.2222222222222222,3.0,171.06674642655577
423,444.44444444444446,0.2222222222222222,4.0,197.53086419753086
424,444.44444444444446,0.2222222222222222,5.0,220.84621999997924
425,444.44444444444446,0.2222222222222222,6.0,241.92491286747435
426,444.44444444444446,0.2222222222222222,7.0,261.3087714631694
427,444.44444444444446,0.2222222222222222,8.0,279.3508271354262
428,444.44444444444446,0.2222222222222222,9.0,296.2962962962963
429,444.44444444444446,0.2222222222222222,10.0,312.3237195228029
430,444.44444444444446,0.3333333333333333,1.0,148.14814814814815
431,444.44444444444446,0.3333333333333333,2.0,209.51312035156965
432,444.44444444444446,0.3333333333333333,3.0,256.6001196398337
433,444.44444444444446,0.3333333333333333,4.0,296.2962962962963
434,444.44444444444446,0.3333333333333333,5.0,331.2693299999689
435,444.44444444444446,0.3333333333333333,6.0,362.88736930121155
436,444.44444444444446,0.3333333333333333,7.0,391.9631571947542
437,444.44444444444446,0.3333333333333333,8.0,419.0262407031393
438,444.44444444444446,0.3333333333333333,9.0,444.44444444444446
439,444.44444444444446,0.3333333333333333,10.0,468.4855792842044
440,444.44444444444446,0.4444444444444444,1.0,197.53086419753086
441,444.44444444444446,0.4444444444444444,2.0,279.3508271354262
442,444.44444444444446,0.4444444444444444,3.0,342.13349285311153
443,444.44444444444446,0.4444444444444444,4.0,395.0617283950617
444,444.44444444444446,0.4444444444444444,5.0,441.6924399999585
445,444.44444444444446,0.4444444444444444,6.0,483.8498257349487
446,444.44444444444446,0.4444444444444444,7.0,522.6175429263388
447,444.44444444444446,0.4444444444444444,8.0,558.7016542708524
448,444.44444444444446,0.4444444444444444,9.0,592.5925925925926
449,444.44444444444446,0.4444444444444444,10.0,624.6474390456058
450,444.44444444444446,0.5555555555555556,1.0,246.9135802469136
451,444.44444444444446,0.5555555555555556,2.0,349.18853391928275
452,444.44444444444446,0.5555555555555556,3.0,427.66686606638945
453,444.44444444444446,0.5555555555555556,4.0,493.8271604938272
454,444.44444444444446,0.5555555555555556,5.0,552.1155499999481
455,444.44444444444446,0.5555555555555556,6.0,604.8122821686859
456,444.44444444444446,0.5555555555555556,7.0,653.2719286579237
457,444.44444444444446,0.5555555555555556,8.0,698.3770678385655
458,444.44444444444446,0.5555555555555556,9.0,740.7407407407408
459,444.44444444444446,0.5555555555555556,10.0,780.8092988070074
460,444.44444444444446,0.6666666666666666,1.0,296.2962962962963
461,444.44444444444446,0.6666666666666666,2.0,419.0262407031393
462,444.44444444444446,0.6666666666666666,3.0,513.2002392796674
463,444.44444444444446,0.6666666666666666,4.0,592.5925925925926
464,444.44444444444446,0.6666666666666666,5.0,662.5386599999377
465,444.44444444444446,0.6666666666666666,6.0,725.7747386024231
466,444.44444444444446,0.6666666666666666,7.0,783.9263143895084
467,444.44444444444446,0.6666666666666666,8.0,838.0524814062786
468,444.44444444444446,0.6666666666666666,9.0,888.8888888888889
469,444.44444444444446,0.6666666666666666,10.0,936.9711585684088
470,444.44444444444446,0.7777777777777777,1.0,345.679012345679
471,444.44444444444446,0.7777777777777777,2.0,488.8639474869958
472,444.44444444444446,0.7777777777777777,3.0,598.7336124929451
473,444.44444444444446,0.7777777777777777,4.0,691.358024691358
474,444.44444444444446,0.7777777777777777,5.0,772.9617699999272
475,444.44444444444446,0.7777777777777777,6.0,846.7371950361602
476,444.44444444444446,0.7777777777777777,7.0,914.5807001210931
477,444.44444444444446,0.7777777777777777,8.0,977.7278949739916
478,444.44444444444446,0.7777777777777777,9.0,1037.037037037037
479,444.44444444444446,0.7777777777777777,10.0,1093.13301832981
480,444.44444444444446,0.8888888888888888,1.0,395.0617283950617
481,444.44444444444446,0.8888888888888888,2.0,558.7016542708524
482,444.44444444444446,0.8888888888888888,3.0,684.2669857062231
483,444.44444444444446,0.8888888888888888,4.0,790.1234567901234
484,444.44444444444446,0.8888888888888888,5.0,883.384879999917
485,444.44444444444446,0.8888888888888888,6.0,967.6996514698974
486,444.44444444444446,0.8888888888888888,7.0,1045.2350858526777
487,444.44444444444446,0.8888888888888888,8.0,1117.4033085417047
488,444.44444444444446,0.8888888888888888,9.0,1185.1851851851852
489,444.44444444444446,0.8888888888888888,10.0,1249.2948780912116
490,444.44444444444446,1.0,1.0,444.44444444444446
491,444.44444444444446,1.0,2.0,628.5393610547089
492,444.44444444444446,1.0,3.0,769.800358919501
493,444.44444444444446,1.0,4.0,888.8888888888889
494,444.44444444444446,1.0,5.0,993.8079899999066
495,444.44444444444446,1.0,6.0,1088.6621079036347
496,444.44444444444446,1.0,7.0,1175.8894715842625
497,444.44444444444446,1.0,8.0,1257.0787221094179
498,444.44444444444446,1.0,9.0,1333.3333333333335
499,444.44444444444446,1.0,10.0,1405.456737852613
500,555.5555555555555,0.0,1.0,0.0
501,555.5555555555555,0.0,2.0,0.0
502,555.5555555555555,0.0,3.0,0.0
503,555.5555555555555,0.0,4.0,0.0
504,555.5555555555555,0.0,5.0,0.0
505,555.5555555555555,0.0,6.0,0.0
506,555.5555555555555,0.0,7.0,0.0
507,555.5555555555555,0.0,8.0,0.0
508,555.5555555555555,0.0,9.0,0.0
509,555.5555555555555,0.0,10.0,0.0
510,555.5555555555555,0.1111111111111111,1.0,61.72839506172839
511,555.5555555555555,0.1111111111111111,2.0,87.29713347982069
512,555.5555555555555,0.1111111111111111,3.0,106.91671651659735
513,555.5555555555555,0.1111111111111111,4.0,123.45679012345678
514,555.5555555555555,0.1111111111111111,5.0,138.028887499987
515,555.5555555555555,0.1111111111111111,6.0,151.20307054217147
516,555.5555555555555,0.1111111111111111,7.0,163.3179821644809
517,555.5555555555555,0.1111111111111111,8.0,174.59426695964137
518,555.5555555555555,0.1111111111111111,9.0,185.18518518518516
519,555.5555555555555,0.1111111111111111,10.0,195.20232470175182
520,555.5555555555555,0.2222222222222222,1.0,123.45679012345678
521,555.5555555555555,0.2222222222222222,2.0,174.59426695964137
522,555.5555555555555,0.2222222222222222,3.0,213.8334330331947
523,555.5555555555555,0.2222222222222222,4.0,246.91358024691357
524,555.5555555555555,0.2222222222222222,5.0,276.057774999974
525,555.5555555555555,0.2222222222222222,6.0,302.40614108434295
526,555.5555555555555,0.2222222222222222,7.0,326.6359643289618
527,555.5555555555555,0.2222222222222222,8.0,349.18853391928275
528,555.5555555555555,0.2222222222222222,9.0,370.3703703703703
529,555.5555555555555,0.2222222222222222,10.0,390.40464940350364
530,555.5555555555555,0.3333333333333333,1.0,185.18518518518516
531,555.5555555555555,0.3333333333333333,2.0,261.891400439462
532,555.5555555555555,0.3333333333333333,3.0,320.750149549792
533,555.5555555555555,0.3333333333333333,4.0,370.3703703703703
534,555.5555555555555,0.3333333333333333,5.0,414.08666249996105
535,555.5555555555555,0.3333333333333333,6.0,453.60921162651437
536,555.5555555555555,0.3333333333333333,7.0,489.9539464934427
537,555.5555555555555,0.3333333333333333,8.0,523.782800878924
538,555.5555555555555,0.3333333333333333,9.0,555.5555555555554
539,555.5555555555555,0.3333333333333333,10.0,585.6069741052554
540,555.5555555555555,0.4444444444444444,1.0,246.91358024691357
541,555.5555555555555,0.4444444444444444,2.0,349.18853391928275
542,555.5555555555555,0.4444444444444444,3.0,427.6668660663894
543,555.5555555555555,0.4444444444444444,4.0,493.82716049382714
544,555.5555555555555,0.4444444444444444,5.0,552.115549999948
545,555.5555555555555,0.4444444444444444,6.0,604.8122821686859
546,555.5555555555555,0.4444444444444444,7.0,653.2719286579236
547,555.5555555555555,0.4444444444444444,8.0,698.3770678385655
548,555.5555555555555,0.4444444444444444,9.0,740.7407407407406
549,555.5555555555555,0.4444444444444444,10.0,780.8092988070073
550,555.5555555555555,0.5555555555555556,1.0,308.641975308642
551,555.5555555555555,0.5555555555555556,2.0,436.4856673991034
552,555.5555555555555,0.5555555555555556,3.0,534.5835825829868
553,555.5555555555555,0.5555555555555556,4.0,617.283950617284
554,555.5555555555555,0.5555555555555556,5.0,690.1444374999352
555,555.5555555555555,0.5555555555555556,6.0,756.0153527108573
556,555.5555555555555,0.5555555555555556,7.0,816.5899108224046
557,555.5555555555555,0.5555555555555556,8.0,872.9713347982068
558,555.5555555555555,0.5555555555555556,9.0,925.9259259259259
559,555.5555555555555,0.5555555555555556,10.0,976.0116235087592
560,555.5555555555555,0.6666666666666666,1.0,370.3703703703703
561,555.5555555555555,0.6666666666666666,2.0,523.782800878924
562,555.5555555555555,0.6666666666666666,3.0,641.500299099584
563,555.5555555555555,0.6666666666666666,4.0,740.7407407407406
564,555.5555555555555,0.6666666666666666,5.0,828.1733249999221
565,555.5555555555555,0.6666666666666666,6.0,907.2184232530287
566,555.5555555555555,0.6666666666666666,7.0,979.9078929868854
567,555.5555555555555,0.6666666666666666,8.0,1047.565601757848
568,555.5555555555555,0.6666666666666666,9.0,1111.1111111111109
569,555.5555555555555,0.6666666666666666,10.0,1171.2139482105108
570,555.5555555555555,0.7777777777777777,1.0,432.0987654320987
571,555.5555555555555,0.7777777777777777,2.0,611.0799343587447
572,555.5555555555555,0.7777777777777777,3.0,748.4170156161813
573,555.5555555555555,0.7777777777777777,4.0,864.1975308641973
574,555.5555555555555,0.7777777777777777,5.0,966.202212499909
575,555.5555555555555,0.7777777777777777,6.0,1058.4214937952001
576,555.5555555555555,0.7777777777777777,7.0,1143.2258751513662
577,555.5555555555555,0.7777777777777777,8.0,1222.1598687174894
578,555.5555555555555,0.7777777777777777,9.0,1296.296296296296
579,555.5555555555555,0.7777777777777777,10.0,1366.4162729122625
580,555.5555555555555,0.8888888888888888,1.0,493.82716049382714
581,555.5555555555555,0.8888888888888888,2.0,698.3770678385655
582,555.5555555555555,0.8888888888888888,3.0,855.3337321327788
583,555.5555555555555,0.8888888888888888,4.0,987.6543209876543
584,555.5555555555555,0.8888888888888888,5.0,1104.231099999896
585,555.5555555555555,0.8888888888888888,6.0,1209.6245643373718
586,555.5555555555555,0.8888888888888888,7.0,1306.5438573158472
587,555.5555555555555,0.8888888888888888,8.0,1396.754135677131
588,555.5555555555555,0.8888888888888888,9.0,1481.4814814814813
589,555.5555555555555,0.8888888888888888,10.0,1561.6185976140146
590,555.5555555555555,1.0,1.0,555.5555555555555
591,555.5555555555555,1.0,2.0,785.6742013183862
592,555.5555555555555,1.0,3.0,962.2504486493762
593,555.5555555555555,1.0,4.0,1111.111111111111
594,555.5555555555555,1.0,5.0,1242.2599874998832
595,555.5555555555555,1.0,6.0,1360.8276348795432
596,555.5555555555555,1.0,7.0,1469.8618394803282
597,555.5555555555555,1.0,8.0,1571.3484026367723
598,555.5555555555555,1.0,9.0,1666.6666666666665
599,555.5555555555555,1.0,10.0,1756.8209223157664
600,666.6666666666667,0.0,1.0,0.0
601,666.6666666666667,0.0,2.0,0.0
602,666.6666666666667,0.0,3.0,0.0
603,666.6666666666667,0.0,4.0,0.0
604,666.6666666666667,0.0,5.0,0.0
605,666.6666666666667,0.0,6.0,0.0
606,666.6666666666667,0.0,7.0,0.0
607,666.6666666666667,0.0,8.0,0.0
608,666.6666666666667,0.0,9.0,0.0
609,666.6666666666667,0.0,10.0,0.0
610,666.6666666666667,0.1111111111111111,1.0,74.07407407407408
611,666.6666666666667,0.1111111111111111,2.0,104.75656017578483
612,666.6666666666667,0.1111111111111111,3.0,128.30005981991684
613,666.6666666666667,0.1111111111111111,4.0,148.14814814814815
614,666.6666666666667,0.1111111111111111,5.0,165.63466499998444
615,666.6666666666667,0.1111111111111111,6.0,181.44368465060577
616,666.6666666666667,0.1111111111111111,7.0,195.9815785973771
617,666.6666666666667,0.1111111111111111,8.0,209.51312035156965
618,666.6666666666667,0.1111111111111111,9.0,222.22222222222223
619,666.6666666666667,0.1111111111111111,10.0,234.2427896421022
620,666.6666666666667,0.2222222222222222,1.0,148.14814814814815
621,666.6666666666667,0.2222222222222222,2.0,209.51312035156965
622,666.6666666666667,0.2222222222222222,3.0,256.6001196398337
623,666.6666666666667,0.2222222222222222,4.0,296.2962962962963
624,666.6666666666667,0.2222222222222222,5.0,331.2693299999689
625,666.6666666666667,0.2222222222222222,6.0,362.88736930121155
626,666.6666666666667,0.2222222222222222,7.0,391.9631571947542
627,666.6666666666667,0.2222222222222222,8.0,419.0262407031393
628,666.6666666666667,0.2222222222222222,9.0,444.44444444444446
629,666.6666666666667,0.2222222222222222,10.0,468.4855792842044
630,666.6666666666667,0.3333333333333333,1.0,222.22222222222223
631,666.6666666666667,0.3333333333333333,2.0,314.26968052735447
632,666.6666666666667,0.3333333333333333,3.0,384.9001794597505
633,666.6666666666667,0.3333333333333333,4.0,444.44444444444446
634,666.6666666666667,0.3333333333333333,5.0,496.9039949999533
635,666.6666666666667,0.3333333333333333,6.0,544.3310539518174
636,666.6666666666667,0.3333333333333333,7.0,587.9447357921313
637,666.6666666666667,0.3333333333333333,8.0,628.5393610547089
638,666.6666666666667,0.3333333333333333,9.0,666.6666666666667
639,666.6666666666667,0.3333333333333333,10.0,702.7283689263065
640,666.6666666666667,0.4444444444444444,1.0,296.2962962962963
641,666.6666666666667,0.4444444444444444,2.0,419.0262407031393
642,666.6666666666667,0.4444444444444444,3.0,513.2002392796674
643,666.6666666666667,0.4444444444444444,4.0,592.5925925925926
644,666.6666666666667,0.4444444444444444,5.0,662.5386599999377
645,666.6666666666667,0.4444444444444444,6.0,725.7747386024231
646,666.6666666666667,0.4444444444444444,7.0,783.9263143895084
647,666.6666666666667,0.4444444444444444,8.0,838.0524814062786
648,666.6666666666667,0.4444444444444444,9.0,888.8888888888889
649,666.6666666666667,0.4444444444444444,10.0,936.9711585684088
650,666.6666666666667,0.5555555555555556,1.0,370.37037037037044
651,666.6666666666667,0.5555555555555556,2.0,523.7828008789243
652,666.6666666666667,0.5555555555555556,3.0,641.5002990995843
653,666.6666666666667,0.5555555555555556,4.0,740.7407407407409
654,666.6666666666667,0.5555555555555556,5.0,828.1733249999223
655,666.6666666666667,0.5555555555555556,6.0,907.218423253029
656,666.6666666666667,0.5555555555555556,7.0,979.9078929868856
657,666.6666666666667,0.5555555555555556,8.0,1047.5656017578485
658,666.6666666666667,0.5555555555555556,9.0,1111.1111111111113
659,666.6666666666667,0.5555555555555556,10.0,1171.213948210511
660,666.6666666666667,0.6666666666666666,1.0,444.44444444444446
661,666.6666666666667,0.6666666666666666,2.0,628.5393610547089
662,666.6666666666667,0.6666666666666666,3.0,769.800358919501
663,666.6666666666667,0.6666666666666666,4.0,888.8888888888889
664,666.6666666666667,0.6666666666666666,5.0,993.8079899999066
665,666.6666666666667,0.6666666666666666,6.0,1088.6621079036347
666,666.6666666666667,0.6666666666666666,7.0,1175.8894715842625
667,666.6666666666667,0.6666666666666666,8.0,1257.0787221094179
668,666.6666666666667,0.6666666666666666,9.0,1333.3333333333335
669,666.6666666666667,0.6666666666666666,10.0,1405.456737852613
670,666.6666666666667,0.7777777777777777,1.0,518.5185185185185
671,666.6666666666667,0.7777777777777777,2.0,733.2959212304937
672,666.6666666666667,0.7777777777777777,3.0,898.1004187394177
673,666.6666666666667,0.7777777777777777,4.0,1037.037037037037
674,666.6666666666667,0.7777777777777777,5.0,1159.442654999891
675,666.6666666666667,0.7777777777777777,6.0,1270.1057925542402
676,666.6666666666667,0.7777777777777777,7.0,1371.8710501816395
677,666.6666666666667,0.7777777777777777,8.0,1466.5918424609874
678,666.6666666666667,0.7777777777777777,9.0,1555.5555555555554
679,666.6666666666667,0.7777777777777777,10.0,1639.699527494715
680,666.6666666666667,0.8888888888888888,1.0,592.5925925925926
681,666.6666666666667,0.8888888888888888,2.0,838.0524814062786
682,666.6666666666667,0.8888888888888888,3.0,1026.4004785593347
683,666.6666666666667,0.8888888888888888,4.0,1185.1851851851852
684,666.6666666666667,0.8888888888888888,5.0,1325.0773199998755
685,666.6666666666667,0.8888888888888888,6.0,1451.5494772048462
686,666.6666666666667,0.8888888888888888,7.0,1567.8526287790169
687,666.6666666666667,0.8888888888888888,8.0,1676.1049628125572
688,666.6666666666667,0.8888888888888888,9.0,1777.7777777777778
689,666.6666666666667,0.8888888888888888,10.0,1873.9423171368176
690,666.6666666666667,1.0,1.0,666.6666666666667
691,666.6666666666667,1.0,2.0,942.8090415820635
692,666.6666666666667,1.0,3.0,1154.7005383792516
693,666.6666666666667,1.0,4.0,1333.3333333333335
694,666.6666666666667,1.0,5.0,1490.71198499986
695,666.6666666666667,1.0,6.0,1632.9931618554522
696,666.6666666666667,1.0,7.0,1763.834207376394
697,666.6666666666667,1.0,8.0,1885.618083164127
698,666.6666666666667,1.0,9.0,2000.0000000000002
699,666.6666666666667,1.0,10.0,2108.18510677892
700,777.7777777777778,0.0,1.0,0.0
701,777.7777777777778,0.0,2.0,0.0
702,777.7777777777778,0.0,3.0,0.0
703,777.7777777777778,0.0,4.0,0.0
704,777.7777777777778,0.0,5.0,0.0
705,777.7777777777778,0.0,6.0,0.0
706,777.7777777777778,0.0,7.0,0.0
707,777.7777777777778,0.0,8.0,0.0
708,777.7777777777778,0.0,9.0,0.0
709,777.7777777777778,0.0,10.0,0.0
710,777.7777777777778,0.1111111111111111,1.0,86.41975308641976
711,777.7777777777778,0.1111111111111111,2.0,122.21598687174897
712,777.7777777777778,0.1111111111111111,3.0,149.6834031232363
713,777.7777777777778,0.1111111111111111,4.0,172.83950617283952
714,777.7777777777778,0.1111111111111111,5.0,193.24044249998184
715,777.7777777777778,0.1111111111111111,6.0,211.68429875904008
716,777.7777777777778,0.1111111111111111,7.0,228.6451750302733
717,777.7777777777778,0.1111111111111111,8.0,244.43197374349793
718,777.7777777777778,0.1111111111111111,9.0,259.2592592592593
719,777.7777777777778,0.1111111111111111,10.0,273.28325458245257
720,777.7777777777778,0.2222222222222222,1.0,172.83950617283952
721,777.7777777777778,0.2222222222222222,2.0,244.43197374349793
722,777.7777777777778,0.2222222222222222,3.0,299.3668062464726
723,777.7777777777778,0.2222222222222222,4.0,345.67901234567904
724,777.7777777777778,0.2222222222222222,5.0,386.4808849999637
725,777.7777777777778,0.2222222222222222,6.0,423.36859751808015
726,777.7777777777778,0.2222222222222222,7.0,457.2903500605466
727,777.7777777777778,0.2222222222222222,8.0,488.86394748699587
728,777.7777777777778,0.2222222222222222,9.0,518.5185185185186
729,777.7777777777778,0.2222222222222222,10.0,546.5665091649051
730,777.7777777777778,0.3333333333333333,1.0,259.25925925925924
731,777.7777777777778,0.3333333333333333,2.0,366.64796061524686
732,777.7777777777778,0.3333333333333333,3.0,449.05020936970885
733,777.7777777777778,0.3333333333333333,4.0,518.5185185185185
734,777.7777777777778,0.3333333333333333,5.0,579.7213274999455
735,777.7777777777778,0.3333333333333333,6.0,635.0528962771201
736,777.7777777777778,0.3333333333333333,7.0,685.9355250908197
737,777.7777777777778,0.3333333333333333,8.0,733.2959212304937
738,777.7777777777778,0.3333333333333333,9.0,777.7777777777777
739,777.7777777777778,0.3333333333333333,10.0,819.8497637473575
740,777.7777777777778,0.4444444444444444,1.0,345.67901234567904
741,777.7777777777778,0.4444444444444444,2.0,488.86394748699587
742,777.7777777777778,0.4444444444444444,3.0,598.7336124929452
743,777.7777777777778,0.4444444444444444,4.0,691.3580246913581
744,777.7777777777778,0.4444444444444444,5.0,772.9617699999274
745,777.7777777777778,0.4444444444444444,6.0,846.7371950361603
746,777.7777777777778,0.4444444444444444,7.0,914.5807001210932
747,777.7777777777778,0.4444444444444444,8.0,977.7278949739917
748,777.7777777777778,0.4444444444444444,9.0,1037.0370370370372
749,777.7777777777778,0.4444444444444444,10.0,1093.1330183298103
750,777.7777777777778,0.5555555555555556,1.0,432.0987654320988
751,777.7777777777778,0.5555555555555556,2.0,611.0799343587448
752,777.7777777777778,0.5555555555555556,3.0,748.4170156161815
753,777.7777777777778,0.5555555555555556,4.0,864.1975308641976
754,777.7777777777778,0.5555555555555556,5.0,966.2022124999093
755,777.7777777777778,0.5555555555555556,6.0,1058.4214937952004
756,777.7777777777778,0.5555555555555556,7.0,1143.2258751513664
757,777.7777777777778,0.5555555555555556,8.0,1222.1598687174896
758,777.7777777777778,0.5555555555555556,9.0,1296.2962962962963
759,777.7777777777778,0.5555555555555556,10.0,1366.416272912263
760,777.7777777777778,0.6666666666666666,1.0,518.5185185185185
761,777.7777777777778,0.6666666666666666,2.0,733.2959212304937
762,777.7777777777778,0.6666666666666666,3.0,898.1004187394177
763,777.7777777777778,0.6666666666666666,4.0,1037.037037037037
764,777.7777777777778,0.6666666666666666,5.0,1159.442654999891
765,777.7777777777778,0.6666666666666666,6.0,1270.1057925542402
766,777.7777777777778,0.6666666666666666,7.0,1371.8710501816395
767,777.7777777777778,0.6666666666666666,8.0,1466.5918424609874
768,777.7777777777778,0.6666666666666666,9.0,1555.5555555555554
769,777.7777777777778,0.6666666666666666,10.0,1639.699527494715
770,777.7777777777778,0.7777777777777777,1.0,604.9382716049382
771,777.7777777777778,0.7777777777777777,2.0,855.5119081022427
772,777.7777777777778,0.7777777777777777,3.0,1047.7838218626541
773,777.7777777777778,0.7777777777777777,4.0,1209.8765432098764
774,777.7777777777778,0.7777777777777777,5.0,1352.6830974998727
775,777.7777777777778,0.7777777777777777,6.0,1481.7900913132803
776,777.7777777777778,0.7777777777777777,7.0,1600.5162252119128
777,777.7777777777778,0.7777777777777777,8.0,1711.0238162044855
778,777.7777777777778,0.7777777777777777,9.0,1814.8148148148148
779,777.7777777777778,0.7777777777777777,10.0,1912.9827820771677
780,777.7777777777778,0.8888888888888888,1.0,691.3580246913581
781,777.7777777777778,0.8888888888888888,2.0,977.7278949739917
782,777.7777777777778,0.8888888888888888,3.0,1197.4672249858904
783,777.7777777777778,0.8888888888888888,4.0,1382.7160493827162
784,777.7777777777778,0.8888888888888888,5.0,1545.9235399998547
785,777.7777777777778,0.8888888888888888,6.0,1693.4743900723206
786,777.7777777777778,0.8888888888888888,7.0,1829.1614002421863
787,777.7777777777778,0.8888888888888888,8.0,1955.4557899479835
788,777.7777777777778,0.8888888888888888,9.0,2074.0740740740744
789,777.7777777777778,0.8888888888888888,10.0,2186.2660366596206
790,777.7777777777778,1.0,1.0,777.7777777777778
791,777.7777777777778,1.0,2.0,1099.9438818457406
792,777.7777777777778,1.0,3.0,1347.1506281091267
793,777.7777777777778,1.0,4.0,1555.5555555555557
794,777.7777777777778,1.0,5.0,1739.1639824998367
795,777.7777777777778,1.0,6.0,1905.1586888313607
796,777.7777777777778,1.0,7.0,2057.8065752724597
797,777.7777777777778,1.0,8.0,2199.8877636914813
798,777.7777777777778,1.0,9.0,2333.3333333333335
799,777.7777777777778,1.0,10.0,2459.549291242073
800,888.8888888888889,0.0,1.0,0.0
801,888.8888888888889,0.0,2.0,0.0
802,888.8888888888889,0.0,3.0,0.0
803,888.8888888888889,0.0,4.0,0.0
804,888.8888888888889,0.0,5.0,0.0
805,888.8888888888889,0.0,6.0,0.0
806,888.8888888888889,0.0,7.0,0.0
807,888.8888888888889,0.0,8.0,0.0
808,888.8888888888889,0.0,9.0,0.0
809,888.8888888888889,0.0,10.0,0.0
810,888.8888888888889,0.1111111111111111,1.0,98.76543209876543
811,888.8888888888889,0.1111111111111111,2.0,139.6754135677131
812,888.8888888888889,0.1111111111111111,3.0,171.06674642655577
813,888.8888888888889,0.1111111111111111,4.0,197.53086419753086
814,888.8888888888889,0.1111111111111111,5.0,220.84621999997924
815,888.8888888888889,0.1111111111111111,6.0,241.92491286747435
816,888.8888888888889,0.1111111111111111,7.0,261.3087714631694
817,888.8888888888889,0.1111111111111111,8.0,279.3508271354262
818,888.8888888888889,0.1111111111111111,9.0,296.2962962962963
819,888.8888888888889,0.1111111111111111,10.0,312.3237195228029
820,888.8888888888889,0.2222222222222222,1.0,197.53086419753086
821,888.8888888888889,0.2222222222222222,2.0,279.3508271354262
822,888.8888888888889,0.2222222222222222,3.0,342.13349285311153
823,888.8888888888889,0.2222222222222222,4.0,395.0617283950617
824,888.8888888888889,0.2222222222222222,5.0,441.6924399999585
825,888.8888888888889,0.2222222222222222,6.0,483.8498257349487
826,888.8888888888889,0.2222222222222222,7.0,522.6175429263388
827,888.8888888888889,0.2222222222222222,8.0,558.7016542708524
828,888.8888888888889,0.2222222222222222,9.0,592.5925925925926
829,888.8888888888889,0.2222222222222222,10.0,624.6474390456058
830,888.8888888888889,0.3333333333333333,1.0,296.2962962962963
831,888.8888888888889,0.3333333333333333,2.0,419.0262407031393
832,888.8888888888889,0.3333333333333333,3.0,513.2002392796674
833,888.8888888888889,0.3333333333333333,4.0,592.5925925925926
834,888.8888888888889,0.3333333333333333,5.0,662.5386599999377
835,888.8888888888889,0.3333333333333333,6.0,725.7747386024231
836,888.8888888888889,0.3333333333333333,7.0,783.9263143895084
837,888.8888888888889,0.3333333333333333,8.0,838.0524814062786
838,888.8888888888889,0.3333333333333333,9.0,888.8888888888889
839,888.8888888888889,0.3333333333333333,10.0,936.9711585684088
840,888.8888888888889,0.4444444444444444,1.0,395.0617283950617
841,888.8888888888889,0.4444444444444444,2.0,558.7016542708524
842,888.8888888888889,0.4444444444444444,3.0,684.2669857062231
843,888.8888888888889,0.4444444444444444,4.0,790.1234567901234
844,888.8888888888889,0.4444444444444444,5.0,883.384879999917
845,888.8888888888889,0.4444444444444444,6.0,967.6996514698974
846,888.8888888888889,0.4444444444444444,7.0,1045.2350858526777
847,888.8888888888889,0.4444444444444444,8.0,1117.4033085417047
848,888.8888888888889,0.4444444444444444,9.0,1185.1851851851852
849,888.8888888888889,0.4444444444444444,10.0,1249.2948780912116
850,888.8888888888889,0.5555555555555556,1.0,493.8271604938272
851,888.8888888888889,0.5555555555555556,2.0,698.3770678385655
852,888.8888888888889,0.5555555555555556,3.0,855.3337321327789
853,888.8888888888889,0.5555555555555556,4.0,987.6543209876544
854,888.8888888888889,0.5555555555555556,5.0,1104.2310999998963
855,888.8888888888889,0.5555555555555556,6.0,1209.6245643373718
856,888.8888888888889,0.5555555555555556,7.0,1306.5438573158474
857,888.8888888888889,0.5555555555555556,8.0,1396.754135677131
858,888.8888888888889,0.5555555555555556,9.0,1481.4814814814815
859,888.8888888888889,0.5555555555555556,10.0,1561.6185976140148
860,888.8888888888889,0.6666666666666666,1.0,592.5925925925926
861,888.8888888888889,0.6666666666666666,2.0,838.0524814062786
862,888.8888888888889,0.6666666666666666,3.0,1026.4004785593347
863,888.8888888888889,0.6666666666666666,4.0,1185.1851851851852
864,888.8888888888889,0.6666666666666666,5.0,1325.0773199998755
865,888.8888888888889,0.6666666666666666,6.0,1451.5494772048462
866,888.8888888888889,0.6666666666666666,7.0,1567.8526287790169
867,888.8888888888889,0.6666666666666666,8.0,1676.1049628125572
868,888.8888888888889,0.6666666666666666,9.0,1777.7777777777778
869,888.8888888888889,0.6666666666666666,10.0,1873.9423171368176
870,888.8888888888889,0.7777777777777777,1.0,691.358024691358
871,888.8888888888889,0.7777777777777777,2.0,977.7278949739916
872,888.8888888888889,0.7777777777777777,3.0,1197.4672249858902
873,888.8888888888889,0.7777777777777777,4.0,1382.716049382716
874,888.8888888888889,0.7777777777777777,5.0,1545.9235399998545
875,888.8888888888889,0.7777777777777777,6.0,1693.4743900723204
876,888.8888888888889,0.7777777777777777,7.0,1829.1614002421861
877,888.8888888888889,0.7777777777777777,8.0,1955.4557899479832
878,888.8888888888889,0.7777777777777777,9.0,2074.074074074074
879,888.8888888888889,0.7777777777777777,10.0,2186.26603665962
880,888.8888888888889,0.8888888888888888,1.0,790.1234567901234
881,888.8888888888889,0.8888888888888888,2.0,1117.4033085417047
882,888.8888888888889,0.8888888888888888,3.0,1368.5339714124461
883,888.8888888888889,0.8888888888888888,4.0,1580.2469135802469
884,888.8888888888889,0.8888888888888888,5.0,1766.769759999834
885,888.8888888888889,0.8888888888888888,6.0,1935.3993029397948
886,888.8888888888889,0.8888888888888888,7.0,2090.4701717053554
887,888.8888888888889,0.8888888888888888,8.0,2234.8066170834095
888,888.8888888888889,0.8888888888888888,9.0,2370.3703703703704
889,888.8888888888889,0.8888888888888888,10.0,2498.589756182423
890,888.8888888888889,1.0,1.0,888.8888888888889
891,888.8888888888889,1.0,2.0,1257.0787221094179
892,888.8888888888889,1.0,3.0,1539.600717839002
893,888.8888888888889,1.0,4.0,1777.7777777777778
894,888.8888888888889,1.0,5.0,1987.6159799998131
895,888.8888888888889,1.0,6.0,2177.3242158072694
896,888.8888888888889,1.0,7.0,2351.778943168525
897,888.8888888888889,1.0,8.0,2514.1574442188357
898,888.8888888888889,1.0,9.0,2666.666666666667
899,888.8888888888889,1.0,10.0,2810.913475705226
900,1000.0,0.0,1.0,0.0
901,1000.0,0.0,2.0,0.0
902,1000.0,0.0,3.0,0.0
903,1000.0,0.0,4.0,0.0
904,1000.0,0.0,5.0,0.0
905,1000.0,0.0,6.0,0.0
906,1000.0,0.0,7.0,0.0
907,1000.0,0.0,8.0,0.0
908,1000.0,0.0,9.0,0.0
909,1000.0,0.0,10.0,0.0
910,1000.0,0.1111111111111111,1.0,111.1111111111111
911,1000.0,0.1111111111111111,2.0,157.13484026367723
912,1000.0,0.1111111111111111,3.0,192.45008972987523
913,1000.0,0.1111111111111111,4.0,222.2222222222222
914,1000.0,0.1111111111111111,5.0,248.4519974999766
915,1000.0,0.1111111111111111,6.0,272.1655269759086
916,1000.0,0.1111111111111111,7.0,293.9723678960656
917,1000.0,0.1111111111111111,8.0,314.26968052735447
918,1000.0,0.1111111111111111,9.0,333.3333333333333
919,1000.0,0.1111111111111111,10.0,351.36418446315326
920,1000.0,0.2222222222222222,1.0,222.2222222222222
921,1000.0,0.2222222222222222,2.0,314.26968052735447
922,1000.0,0.2222222222222222,3.0,384.90017945975046
923,1000.0,0.2222222222222222,4.0,444.4444444444444
924,1000.0,0.2222222222222222,5.0,496.9039949999532
925,1000.0,0.2222222222222222,6.0,544.3310539518172
926,1000.0,0.2222222222222222,7.0,587.9447357921312
927,1000.0,0.2222222222222222,8.0,628.5393610547089
928,1000.0,0.2222222222222222,9.0,666.6666666666666
929,1000.0,0.2222222222222222,10.0,702.7283689263065
930,1000.0,0.3333333333333333,1.0,333.3333333333333
931,1000.0,0.3333333333333333,2.0,471.4045207910317
932,1000.0,0.3333333333333333,3.0,577.3502691896257
933,1000.0,0.3333333333333333,4.0,666.6666666666666
934,1000.0,0.3333333333333333,5.0,745.3559924999299
935,1000.0,0.3333333333333333,6.0,816.4965809277259
936,1000.0,0.3333333333333333,7.0,881.9171036881969
937,1000.0,0.3333333333333333,8.0,942.8090415820634
938,1000.0,0.3333333333333333,9.0,1000.0
939,1000.0,0.3333333333333333,10.0,1054.0925533894597
940,1000.0,0.4444444444444444,1.0,444.4444444444444
941,1000.0,0.4444444444444444,2.0,628.5393610547089
942,1000.0,0.4444444444444444,3.0,769.8003589195009
943,1000.0,0.4444444444444444,4.0,888.8888888888888
944,1000.0,0.4444444444444444,5.0,993.8079899999065
945,1000.0,0.4444444444444444,6.0,1088.6621079036345
946,1000.0,0.4444444444444444,7.0,1175.8894715842623
947,1000.0,0.4444444444444444,8.0,1257.0787221094179
948,1000.0,0.4444444444444444,9.0,1333.3333333333333
949,1000.0,0.4444444444444444,10.0,1405.456737852613
950,1000.0,0.5555555555555556,1.0,555.5555555555555
951,1000.0,0.5555555555555556,2.0,785.6742013183862
952,1000.0,0.5555555555555556,3.0,962.2504486493762
953,1000.0,0.5555555555555556,4.0,1111.111111111111
954,1000.0,0.5555555555555556,5.0,1242.2599874998832
955,1000.0,0.5555555555555556,6.0,1360.8276348795432
956,1000.0,0.5555555555555556,7.0,1469.8618394803282
957,1000.0,0.5555555555555556,8.0,1571.3484026367723
958,1000.0,0.5555555555555556,9.0,1666.6666666666665
959,1000.0,0.5555555555555556,10.0,1756.8209223157664
960,1000.0,0.6666666666666666,1.0,666.6666666666666
961,1000.0,0.6666666666666666,2.0,942.8090415820634
962,1000.0,0.6666666666666666,3.0,1154.7005383792514
963,1000.0,0.6666666666666666,4.0,1333.3333333333333
964,1000.0,0.6666666666666666,5.0,1490.7119849998599
965,1000.0,0.6666666666666666,6.0,1632.9931618554517
966,1000.0,0.6666666666666666,7.0,1763.8342073763938
967,1000.0,0.6666666666666666,8.0,1885.6180831641268
968,1000.0,0.6666666666666666,9.0,2000.0
969,1000.0,0.6666666666666666,10.0,2108.1851067789194
970,1000.0,0.7777777777777777,1.0,777.7777777777777
971,1000.0,0.7777777777777777,2.0,1099.9438818457406
972,1000.0,0.7777777777777777,3.0,1347.1506281091265
973,1000.0,0.7777777777777777,4.0,1555.5555555555554
974,1000.0,0.7777777777777777,5.0,1739.1639824998363
975,1000.0,0.7777777777777777,6.0,1905.1586888313605
976,1000.0,0.7777777777777777,7.0,2057.806575272459
977,1000.0,0.7777777777777777,8.0,2199.8877636914813
978,1000.0,0.7777777777777777,9.0,2333.333333333333
979,1000.0,0.7777777777777777,10.0,2459.5492912420727
980,1000.0,0.8888888888888888,1.0,888.8888888888888
981,1000.0,0.8888888888888888,2.0,1257.0787221094179
982,1000.0,0.8888888888888888,3.0,1539.6007178390018
983,1000.0,0.8888888888888888,4.0,1777.7777777777776
984,1000.0,0.8888888888888888,5.0,1987.615979999813
985,1000.0,0.8888888888888888,6.0,2177.324215807269
986,1000.0,0.8888888888888888,7.0,2351.7789431685246
987,1000.0,0.8888888888888888,8.0,2514.1574442188357
988,1000.0,0.8888888888888888,9.0,2666.6666666666665
989,1000.0,0.8888888888888888,10.0,2810.913475705226
990,1000.0,1.0,1.0,1000.0
991,1000.0,1.0,2.0,1414.213562373095
992,1000.0,1.0,3.0,1732.0508075688772
993,1000.0,1.0,4.0,2000.0
994,1000.0,1.0,5.0,2236.06797749979
995,1000.0,1.0,6.0,2449.489742783178
996,1000.0,1.0,7.0,2645.751311064591
997,1000.0,1.0,8.0,2828.42712474619
998,1000.0,1.0,9.0,3000.0
999,1000.0,1.0,10.0,3162.2776601683795
